Datum,Wochentag,Monat,Mondphase,Symbol,Beleuchtung,Phasenzyklus
2024-01-01,Montag,Januar,Waning Gibbous,🌖,79.5,65.0
2024-01-02,Dienstag,Januar,Waning Gibbous,🌖,70.3,68.4
2024-01-03,Mittwoch,Januar,Last Quarter,🌗,60.2,71.7
2024-01-04,Donnerstag,Januar,Last Quarter,🌗,49.6,75.1
2024-01-05,Freitag,Januar,Last Quarter,🌗,39.0,78.5
2024-01-06,Samstag,Januar,Waning Crescent,🌘,29.0,81.9
2024-01-07,Sonntag,Januar,Waning Crescent,🌘,19.9,85.3
2024-01-08,Montag,Januar,Waning Crescent,🌘,12.1,88.7
2024-01-09,Dienstag,Januar,Waning Crescent,🌘,6.1,92.1
2024-01-10,Mittwoch,Januar,New Moon,🌑,2.0,95.4
2024-01-11,Donnerstag,Januar,New Moon,🌑,0.1,98.8
2024-01-12,Freitag,Januar,New Moon,🌑,0.5,2.2
2024-01-13,Samstag,Januar,New Moon,🌑,3.1,5.6
2024-01-14,Sonntag,Januar,Waxing Crescent,🌒,7.8,9.0
2024-01-15,Montag,Januar,Waxing Crescent,🌒,14.4,12.4
2024-01-16,Dienstag,Januar,Waxing Crescent,🌒,22.6,15.8
2024-01-17,Mittwoch,Januar,First Quarter,🌓,32.0,19.2
2024-01-18,Donnerstag,Januar,First Quarter,🌓,42.3,22.5
2024-01-19,Freitag,Januar,First Quarter,🌓,52.9,25.9
2024-01-20,Samstag,Januar,First Quarter,🌓,63.4,29.3
2024-01-21,Sonntag,Januar,Waxing Gibbous,🌔,73.2,32.7
2024-01-22,Montag,Januar,Waxing Gibbous,🌔,82.1,36.1
2024-01-23,Dienstag,Januar,Waxing Gibbous,🌔,89.4,39.5
2024-01-24,Mittwoch,Januar,Waxing Gibbous,🌔,95.0,42.9
2024-01-25,Donnerstag,Januar,Full Moon,🌕,98.6,46.2
2024-01-26,Freitag,Januar,Full Moon,🌕,100.0,49.6
2024-01-27,Samstag,Januar,Full Moon,🌕,99.1,53.0
2024-01-28,Sonntag,Januar,Waning Gibbous,🌖,96.0,56.4
2024-01-29,Montag,Januar,Waning Gibbous,🌖,90.8,59.8
2024-01-30,Dienstag,Januar,Waning Gibbous,🌖,83.8,63.2
2024-01-31,Mittwoch,Januar,Waning Gibbous,🌖,75.3,66.6
2024-02-01,Donnerstag,Februar,Last Quarter,🌗,65.6,69.9
2024-02-02,Freitag,Februar,Last Quarter,🌗,55.2,73.3
2024-02-03,Samstag,Februar,Last Quarter,🌗,44.6,76.7
2024-02-04,Sonntag,Februar,Last Quarter,🌗,34.2,80.1
2024-02-05,Montag,Februar,Waning Crescent,🌘,24.6,83.5
2024-02-06,Dienstag,Februar,Waning Crescent,🌘,16.1,86.9
2024-02-07,Mittwoch,Februar,Waning Crescent,🌘,9.1,90.3
2024-02-08,Donnerstag,Februar,Waning Crescent,🌘,3.9,93.6
2024-02-09,Freitag,Februar,New Moon,🌑,0.9,97.0
2024-02-10,Samstag,Februar,New Moon,🌑,0.0,0.4
2024-02-11,Sonntag,Februar,New Moon,🌑,1.4,3.8
2024-02-12,Montag,Februar,Waxing Crescent,🌒,5.0,7.2
2024-02-13,Dienstag,Februar,Waxing Crescent,🌒,10.6,10.6
2024-02-14,Mittwoch,Februar,Waxing Crescent,🌒,18.1,14.0
2024-02-15,Donnerstag,Februar,Waxing Crescent,🌒,26.9,17.4
2024-02-16,Freitag,Februar,First Quarter,🌓,36.8,20.7
2024-02-17,Samstag,Februar,First Quarter,🌓,47.3,24.1
2024-02-18,Sonntag,Februar,First Quarter,🌓,57.9,27.5
2024-02-19,Montag,Februar,First Quarter,🌓,68.1,30.9
2024-02-20,Dienstag,Februar,Waxing Gibbous,🌔,77.5,34.3
2024-02-21,Mittwoch,Februar,Waxing Gibbous,🌔,85.7,37.7
2024-02-22,Donnerstag,Februar,Waxing Gibbous,🌔,92.3,41.1
2024-02-23,Freitag,Februar,Full Moon,🌕,97.0,44.4
2024-02-24,Samstag,Februar,Full Moon,🌕,99.5,47.8
2024-02-25,Sonntag,Februar,Full Moon,🌕,99.9,51.2
2024-02-26,Montag,Februar,Full Moon,🌕,97.9,54.6
2024-02-27,Dienstag,Februar,Waning Gibbous,🌖,93.8,58.0
2024-02-28,Mittwoch,Februar,Waning Gibbous,🌖,87.8,61.4
2024-02-29,Donnerstag,Februar,Waning Gibbous,🌖,80.0,64.8
2024-03-01,Freitag,März,Waning Gibbous,🌖,70.9,68.1
2024-03-02,Samstag,März,Last Quarter,🌗,60.8,71.5
2024-03-03,Sonntag,März,Last Quarter,🌗,50.2,74.9
2024-03-04,Montag,März,Last Quarter,🌗,39.7,78.3
2024-03-05,Dienstag,März,Waning Crescent,🌘,29.6,81.7
2024-03-06,Mittwoch,März,Waning Crescent,🌘,20.4,85.1
2024-03-07,Donnerstag,März,Waning Crescent,🌘,12.6,88.5
2024-03-08,Freitag,März,Waning Crescent,🌘,6.4,91.9
2024-03-09,Samstag,März,New Moon,🌑,2.2,95.2
2024-03-10,Sonntag,März,New Moon,🌑,0.2,98.6
2024-03-11,Montag,März,New Moon,🌑,0.4,2.0
2024-03-12,Dienstag,März,New Moon,🌑,2.8,5.4
2024-03-13,Mittwoch,März,Waxing Crescent,🌒,7.4,8.8
2024-03-14,Donnerstag,März,Waxing Crescent,🌒,13.9,12.2
2024-03-15,Freitag,März,Waxing Crescent,🌒,22.0,15.6
2024-03-16,Samstag,März,First Quarter,🌓,31.4,18.9
2024-03-17,Sonntag,März,First Quarter,🌓,41.7,22.3
2024-03-18,Montag,März,First Quarter,🌓,52.2,25.7
2024-03-19,Dienstag,März,First Quarter,🌓,62.7,29.1
2024-03-20,Mittwoch,März,Waxing Gibbous,🌔,72.7,32.5
2024-03-21,Donnerstag,März,Waxing Gibbous,🌔,81.6,35.9
2024-03-22,Freitag,März,Waxing Gibbous,🌔,89.0,39.3
2024-03-23,Samstag,März,Waxing Gibbous,🌔,94.8,42.6
2024-03-24,Sonntag,März,Full Moon,🌕,98.5,46.0
2024-03-25,Montag,März,Full Moon,🌕,100.0,49.4
2024-03-26,Dienstag,März,Full Moon,🌕,99.2,52.8
2024-03-27,Mittwoch,März,Full Moon,🌕,96.3,56.2
2024-03-28,Donnerstag,März,Waning Gibbous,🌖,91.2,59.6
2024-03-29,Freitag,März,Waning Gibbous,🌖,84.3,63.0
2024-03-30,Samstag,März,Waning Gibbous,🌖,75.9,66.4
2024-03-31,Sonntag,März,Last Quarter,🌗,66.2,69.7
2024-04-01,Montag,April,Last Quarter,🌗,55.9,73.1
2024-04-02,Dienstag,April,Last Quarter,🌗,45.3,76.5
2024-04-03,Mittwoch,April,Last Quarter,🌗,34.9,79.9
2024-04-04,Donnerstag,April,Waning Crescent,🌘,25.1,83.3
2024-04-05,Freitag,April,Waning Crescent,🌘,16.5,86.7
2024-04-06,Samstag,April,Waning Crescent,🌘,9.4,90.1
2024-04-07,Sonntag,April,Waning Crescent,🌘,4.2,93.4
2024-04-08,Montag,April,New Moon,🌑,1.0,96.8
2024-04-09,Dienstag,April,New Moon,🌑,0.0,0.2
2024-04-10,Mittwoch,April,New Moon,🌑,1.3,3.6
2024-04-11,Donnerstag,April,Waxing Crescent,🌒,4.7,7.0
2024-04-12,Freitag,April,Waxing Crescent,🌒,10.3,10.4
2024-04-13,Samstag,April,Waxing Crescent,🌒,17.6,13.8
2024-04-14,Sonntag,April,Waxing Crescent,🌒,26.3,17.1
2024-04-15,Montag,April,First Quarter,🌓,36.2,20.5
2024-04-16,Dienstag,April,First Quarter,🌓,46.6,23.9
2024-04-17,Mittwoch,April,First Quarter,🌓,57.2,27.3
2024-04-18,Donnerstag,April,First Quarter,🌓,67.5,30.7
2024-04-19,Freitag,April,Waxing Gibbous,🌔,77.0,34.1
2024-04-20,Samstag,April,Waxing Gibbous,🌔,85.3,37.5
2024-04-21,Sonntag,April,Waxing Gibbous,🌔,92.0,40.9
2024-04-22,Montag,April,Full Moon,🌕,96.8,44.2
2024-04-23,Dienstag,April,Full Moon,🌕,99.4,47.6
2024-04-24,Mittwoch,April,Full Moon,🌕,99.9,51.0
2024-04-25,Donnerstag,April,Full Moon,🌕,98.1,54.4
2024-04-26,Freitag,April,Waning Gibbous,🌖,94.1,57.8
2024-04-27,Samstag,April,Waning Gibbous,🌖,88.2,61.2
2024-04-28,Sonntag,April,Waning Gibbous,🌖,80.5,64.6
2024-04-29,Montag,April,Waning Gibbous,🌖,71.5,67.9
2024-04-30,Dienstag,April,Last Quarter,🌗,61.4,71.3
2024-05-01,Mittwoch,Mai,Last Quarter,🌗,50.9,74.7
2024-05-02,Donnerstag,Mai,Last Quarter,🌗,40.3,78.1
2024-05-03,Freitag,Mai,Waning Crescent,🌘,30.2,81.5
2024-05-04,Samstag,Mai,Waning Crescent,🌘,20.9,84.9
2024-05-05,Sonntag,Mai,Waning Crescent,🌘,13.0,88.3
2024-05-06,Montag,Mai,Waning Crescent,🌘,6.7,91.6
2024-05-07,Dienstag,Mai,New Moon,🌑,2.4,95.0
2024-05-08,Mittwoch,Mai,New Moon,🌑,0.2,98.4
2024-05-09,Donnerstag,Mai,New Moon,🌑,0.3,1.8
2024-05-10,Freitag,Mai,New Moon,🌑,2.6,5.2
2024-05-11,Samstag,Mai,Waxing Crescent,🌒,7.1,8.6
2024-05-12,Sonntag,Mai,Waxing Crescent,🌒,13.5,12.0
2024-05-13,Montag,Mai,Waxing Crescent,🌒,21.5,15.4
2024-05-14,Dienstag,Mai,Waxing Crescent,🌒,30.8,18.7
2024-05-15,Mittwoch,Mai,First Quarter,🌓,41.0,22.1
2024-05-16,Donnerstag,Mai,First Quarter,🌓,51.6,25.5
2024-05-17,Freitag,Mai,First Quarter,🌓,62.1,28.9
2024-05-18,Samstag,Mai,Waxing Gibbous,🌔,72.1,32.3
2024-05-19,Sonntag,Mai,Waxing Gibbous,🌔,81.1,35.7
2024-05-20,Montag,Mai,Waxing Gibbous,🌔,88.6,39.1
2024-05-21,Dienstag,Mai,Waxing Gibbous,🌔,94.5,42.4
2024-05-22,Mittwoch,Mai,Full Moon,🌕,98.3,45.8
2024-05-23,Donnerstag,Mai,Full Moon,🌕,99.9,49.2
2024-05-24,Freitag,Mai,Full Moon,🌕,99.3,52.6
2024-05-25,Samstag,Mai,Full Moon,🌕,96.5,56.0
2024-05-26,Sonntag,Mai,Waning Gibbous,🌖,91.6,59.4
2024-05-27,Montag,Mai,Waning Gibbous,🌖,84.8,62.8
2024-05-28,Dienstag,Mai,Waning Gibbous,🌖,76.4,66.1
2024-05-29,Mittwoch,Mai,Last Quarter,🌗,66.8,69.5
2024-05-30,Donnerstag,Mai,Last Quarter,🌗,56.5,72.9
2024-05-31,Freitag,Mai,Last Quarter,🌗,45.9,76.3
2024-06-01,Samstag,Juni,Last Quarter,🌗,35.5,79.7
2024-06-02,Sonntag,Juni,Waning Crescent,🌘,25.7,83.1
2024-06-03,Montag,Juni,Waning Crescent,🌘,17.0,86.5
2024-06-04,Dienstag,Juni,Waning Crescent,🌘,9.8,89.8
2024-06-05,Mittwoch,Juni,Waning Crescent,🌘,4.4,93.2
2024-06-06,Donnerstag,Juni,New Moon,🌑,1.1,96.6
2024-06-07,Freitag,Juni,New Moon,🌑,0.0,0.0
2024-06-08,Samstag,Juni,New Moon,🌑,1.1,3.4
2024-06-09,Sonntag,Juni,Waxing Crescent,🌒,4.5,6.8
2024-06-10,Montag,Juni,Waxing Crescent,🌒,9.9,10.2
2024-06-11,Dienstag,Juni,Waxing Crescent,🌒,17.1,13.6
2024-06-12,Mittwoch,Juni,Waxing Crescent,🌒,25.7,16.9
2024-06-13,Donnerstag,Juni,First Quarter,🌓,35.5,20.3
2024-06-14,Freitag,Juni,First Quarter,🌓,46.0,23.7
2024-06-15,Samstag,Juni,First Quarter,🌓,56.6,27.1
2024-06-16,Sonntag,Juni,First Quarter,🌓,66.9,30.5
2024-06-17,Montag,Juni,Waxing Gibbous,🌔,76.4,33.9
2024-06-18,Dienstag,Juni,Waxing Gibbous,🌔,84.8,37.3
2024-06-19,Mittwoch,Juni,Waxing Gibbous,🌔,91.6,40.6
2024-06-20,Donnerstag,Juni,Full Moon,🌕,96.5,44.0
2024-06-21,Freitag,Juni,Full Moon,🌕,99.3,47.4
2024-06-22,Samstag,Juni,Full Moon,🌕,99.9,50.8
2024-06-23,Sonntag,Juni,Full Moon,🌕,98.3,54.2
2024-06-24,Montag,Juni,Waning Gibbous,🌖,94.4,57.6
2024-06-25,Dienstag,Juni,Waning Gibbous,🌖,88.6,61.0
2024-06-26,Mittwoch,Juni,Waning Gibbous,🌖,81.0,64.3
2024-06-27,Donnerstag,Juni,Waning Gibbous,🌖,72.0,67.7
2024-06-28,Freitag,Juni,Last Quarter,🌗,62.1,71.1
2024-06-29,Samstag,Juni,Last Quarter,🌗,51.5,74.5
2024-06-30,Sonntag,Juni,Last Quarter,🌗,41.0,77.9
2024-07-01,Montag,Juli,Waning Crescent,🌘,30.8,81.3
2024-07-02,Dienstag,Juli,Waning Crescent,🌘,21.5,84.7
2024-07-03,Mittwoch,Juli,Waning Crescent,🌘,13.4,88.1
2024-07-04,Donnerstag,Juli,Waning Crescent,🌘,7.1,91.4
2024-07-05,Freitag,Juli,New Moon,🌑,2.6,94.8
2024-07-06,Samstag,Juli,New Moon,🌑,0.3,98.2
2024-07-07,Sonntag,Juli,New Moon,🌑,0.3,1.6
2024-07-08,Montag,Juli,New Moon,🌑,2.4,5.0
2024-07-09,Dienstag,Juli,Waxing Crescent,🌒,6.8,8.4
2024-07-10,Mittwoch,Juli,Waxing Crescent,🌒,13.0,11.8
2024-07-11,Donnerstag,Juli,Waxing Crescent,🌒,21.0,15.1
2024-07-12,Freitag,Juli,Waxing Crescent,🌒,30.2,18.5
2024-07-13,Samstag,Juli,First Quarter,🌓,40.4,21.9
2024-07-14,Sonntag,Juli,First Quarter,🌓,50.9,25.3
2024-07-15,Montag,Juli,First Quarter,🌓,61.5,28.7
2024-07-16,Dienstag,Juli,Waxing Gibbous,🌔,71.5,32.1
2024-07-17,Mittwoch,Juli,Waxing Gibbous,🌔,80.5,35.5
2024-07-18,Donnerstag,Juli,Waxing Gibbous,🌔,88.2,38.8
2024-07-19,Freitag,Juli,Waxing Gibbous,🌔,94.2,42.2
2024-07-20,Samstag,Juli,Full Moon,🌕,98.1,45.6
2024-07-21,Sonntag,Juli,Full Moon,🌕,99.9,49.0
2024-07-22,Montag,Juli,Full Moon,🌕,99.4,52.4
2024-07-23,Dienstag,Juli,Full Moon,🌕,96.7,55.8
2024-07-24,Mittwoch,Juli,Waning Gibbous,🌖,91.9,59.2
2024-07-25,Donnerstag,Juli,Waning Gibbous,🌖,85.2,62.6
2024-07-26,Freitag,Juli,Waning Gibbous,🌖,77.0,65.9
2024-07-27,Samstag,Juli,Last Quarter,🌗,67.5,69.3
2024-07-28,Sonntag,Juli,Last Quarter,🌗,57.2,72.7
2024-07-29,Montag,Juli,Last Quarter,🌗,46.6,76.1
2024-07-30,Dienstag,Juli,Last Quarter,🌗,36.1,79.5
2024-07-31,Mittwoch,Juli,Waning Crescent,🌘,26.3,82.9
2024-08-01,Donnerstag,August,Waning Crescent,🌘,17.5,86.3
2024-08-02,Freitag,August,Waning Crescent,🌘,10.2,89.6
2024-08-03,Samstag,August,Waning Crescent,🌘,4.7,93.0
2024-08-04,Sonntag,August,New Moon,🌑,1.3,96.4
2024-08-05,Montag,August,New Moon,🌑,0.0,99.8
2024-08-06,Dienstag,August,New Moon,🌑,1.0,3.2
2024-08-07,Mittwoch,August,Waxing Crescent,🌒,4.2,6.6
2024-08-08,Donnerstag,August,Waxing Crescent,🌒,9.5,10.0
2024-08-09,Freitag,August,Waxing Crescent,🌒,16.6,13.3
2024-08-10,Samstag,August,Waxing Crescent,🌒,25.2,16.7
2024-08-11,Sonntag,August,First Quarter,🌓,34.9,20.1
2024-08-12,Montag,August,First Quarter,🌓,45.3,23.5
2024-08-13,Dienstag,August,First Quarter,🌓,55.9,26.9
2024-08-14,Mittwoch,August,First Quarter,🌓,66.3,30.3
2024-08-15,Donnerstag,August,Waxing Gibbous,🌔,75.9,33.7
2024-08-16,Freitag,August,Waxing Gibbous,🌔,84.3,37.1
2024-08-17,Samstag,August,Waxing Gibbous,🌔,91.2,40.4
2024-08-18,Sonntag,August,Full Moon,🌕,96.3,43.8
2024-08-19,Montag,August,Full Moon,🌕,99.2,47.2
2024-08-20,Dienstag,August,Full Moon,🌕,100.0,50.6
2024-08-21,Mittwoch,August,Full Moon,🌕,98.4,54.0
2024-08-22,Donnerstag,August,Waning Gibbous,🌖,94.7,57.4
2024-08-23,Freitag,August,Waning Gibbous,🌖,89.0,60.8
2024-08-24,Samstag,August,Waning Gibbous,🌖,81.5,64.1
2024-08-25,Sonntag,August,Waning Gibbous,🌖,72.6,67.5
2024-08-26,Montag,August,Last Quarter,🌗,62.7,70.9
2024-08-27,Dienstag,August,Last Quarter,🌗,52.2,74.3
2024-08-28,Mittwoch,August,Last Quarter,🌗,41.6,77.7
2024-08-29,Donnerstag,August,Last Quarter,🌗,31.4,81.1
2024-08-30,Freitag,August,Waning Crescent,🌘,22.0,84.5
2024-08-31,Samstag,August,Waning Crescent,🌘,13.9,87.8
2024-09-01,Sonntag,September,Waning Crescent,🌘,7.4,91.2
2024-09-02,Montag,September,New Moon,🌑,2.8,94.6
2024-09-03,Dienstag,September,New Moon,🌑,0.4,98.0
2024-09-04,Mittwoch,September,New Moon,🌑,0.2,1.4
2024-09-05,Donnerstag,September,New Moon,🌑,2.2,4.8
2024-09-06,Freitag,September,Waxing Crescent,🌒,6.4,8.2
2024-09-07,Samstag,September,Waxing Crescent,🌒,12.6,11.5
2024-09-08,Sonntag,September,Waxing Crescent,🌒,20.4,14.9
2024-09-09,Montag,September,Waxing Crescent,🌒,29.6,18.3
2024-09-10,Dienstag,September,First Quarter,🌓,39.7,21.7
2024-09-11,Mittwoch,September,First Quarter,🌓,50.3,25.1
2024-09-12,Donnerstag,September,First Quarter,🌓,60.8,28.5
2024-09-13,Freitag,September,Waxing Gibbous,🌔,70.9,31.9
2024-09-14,Samstag,September,Waxing Gibbous,🌔,80.0,35.3
2024-09-15,Sonntag,September,Waxing Gibbous,🌔,87.8,38.6
2024-09-16,Montag,September,Waxing Gibbous,🌔,93.9,42.0
2024-09-17,Dienstag,September,Full Moon,🌕,97.9,45.4
2024-09-18,Mittwoch,September,Full Moon,🌕,99.9,48.8
2024-09-19,Donnerstag,September,Full Moon,🌕,99.5,52.2
2024-09-20,Freitag,September,Full Moon,🌕,97.0,55.6
2024-09-21,Samstag,September,Waning Gibbous,🌖,92.3,59.0
2024-09-22,Sonntag,September,Waning Gibbous,🌖,85.7,62.3
2024-09-23,Montag,September,Waning Gibbous,🌖,77.5,65.7
2024-09-24,Dienstag,September,Last Quarter,🌗,68.1,69.1
2024-09-25,Mittwoch,September,Last Quarter,🌗,57.8,72.5
2024-09-26,Donnerstag,September,Last Quarter,🌗,47.2,75.9
2024-09-27,Freitag,September,Last Quarter,🌗,36.7,79.3
2024-09-28,Samstag,September,Waning Crescent,🌘,26.8,82.7
2024-09-29,Sonntag,September,Waning Crescent,🌘,18.0,86.0
2024-09-30,Montag,September,Waning Crescent,🌘,10.6,89.4
2024-10-01,Dienstag,Oktober,Waning Crescent,🌘,5.0,92.8
2024-10-02,Mittwoch,Oktober,New Moon,🌑,1.4,96.2
2024-10-03,Donnerstag,Oktober,New Moon,🌑,0.0,99.6
2024-10-04,Freitag,Oktober,New Moon,🌑,0.9,3.0
2024-10-05,Samstag,Oktober,Waxing Crescent,🌒,3.9,6.4
2024-10-06,Sonntag,Oktober,Waxing Crescent,🌒,9.1,9.8
2024-10-07,Montag,Oktober,Waxing Crescent,🌒,16.1,13.1
2024-10-08,Dienstag,Oktober,Waxing Crescent,🌒,24.6,16.5
2024-10-09,Mittwoch,Oktober,First Quarter,🌓,34.3,19.9
2024-10-10,Donnerstag,Oktober,First Quarter,🌓,44.7,23.3
2024-10-11,Freitag,Oktober,First Quarter,🌓,55.3,26.7
2024-10-12,Samstag,Oktober,First Quarter,🌓,65.7,30.1
2024-10-13,Sonntag,Oktober,Waxing Gibbous,🌔,75.3,33.5
2024-10-14,Montag,Oktober,Waxing Gibbous,🌔,83.9,36.8
2024-10-15,Dienstag,Oktober,Waxing Gibbous,🌔,90.9,40.2
2024-10-16,Mittwoch,Oktober,Waxing Gibbous,🌔,96.0,43.6
2024-10-17,Donnerstag,Oktober,Full Moon,🌕,99.1,47.0
2024-10-18,Freitag,Oktober,Full Moon,🌕,100.0,50.4
2024-10-19,Samstag,Oktober,Full Moon,🌕,98.6,53.8
2024-10-20,Sonntag,Oktober,Waning Gibbous,🌖,95.0,57.2
2024-10-21,Montag,Oktober,Waning Gibbous,🌖,89.4,60.5
2024-10-22,Dienstag,Oktober,Waning Gibbous,🌖,82.0,63.9
2024-10-23,Mittwoch,Oktober,Waning Gibbous,🌖,73.2,67.3
2024-10-24,Donnerstag,Oktober,Last Quarter,🌗,63.3,70.7
2024-10-25,Freitag,Oktober,Last Quarter,🌗,52.8,74.1
2024-10-26,Samstag,Oktober,Last Quarter,🌗,42.2,77.5
2024-10-27,Sonntag,Oktober,Last Quarter,🌗,32.0,80.9
2024-10-28,Montag,Oktober,Waning Crescent,🌘,22.5,84.3
2024-10-29,Dienstag,Oktober,Waning Crescent,🌘,14.3,87.6
2024-10-30,Mittwoch,Oktober,Waning Crescent,🌘,7.7,91.0
2024-10-31,Donnerstag,Oktober,New Moon,🌑,3.1,94.4
2024-11-01,Freitag,November,New Moon,🌑,0.5,97.8
2024-11-02,Samstag,November,New Moon,🌑,0.1,1.2
2024-11-03,Sonntag,November,New Moon,🌑,2.0,4.6
2024-11-04,Montag,November,Waxing Crescent,🌒,6.1,8.0
2024-11-05,Dienstag,November,Waxing Crescent,🌒,12.2,11.3
2024-11-06,Mittwoch,November,Waxing Crescent,🌒,19.9,14.7
2024-11-07,Donnerstag,November,Waxing Crescent,🌒,29.0,18.1
2024-11-08,Freitag,November,First Quarter,🌓,39.1,21.5
2024-11-09,Samstag,November,First Quarter,🌓,49.6,24.9
2024-11-10,Sonntag,November,First Quarter,🌓,60.2,28.3
2024-11-11,Montag,November,Waxing Gibbous,🌔,70.3,31.7
2024-11-12,Dienstag,November,Waxing Gibbous,🌔,79.5,35.0
2024-11-13,Mittwoch,November,Waxing Gibbous,🌔,87.4,38.4
2024-11-14,Donnerstag,November,Waxing Gibbous,🌔,93.5,41.8
2024-11-15,Freitag,November,Full Moon,🌕,97.7,45.2
2024-11-16,Samstag,November,Full Moon,🌕,99.8,48.6
2024-11-17,Sonntag,November,Full Moon,🌕,99.6,52.0
2024-11-18,Montag,November,Full Moon,🌕,97.2,55.4
2024-11-19,Dienstag,November,Waning Gibbous,🌖,92.6,58.8
2024-11-20,Mittwoch,November,Waning Gibbous,🌖,86.2,62.1
2024-11-21,Donnerstag,November,Waning Gibbous,🌖,78.0,65.5
2024-11-22,Freitag,November,Last Quarter,🌗,68.7,68.9
2024-11-23,Samstag,November,Last Quarter,🌗,58.5,72.3
2024-11-24,Sonntag,November,Last Quarter,🌗,47.9,75.7
2024-11-25,Montag,November,Last Quarter,🌗,37.4,79.1
2024-11-26,Dienstag,November,Waning Crescent,🌘,27.4,82.5
2024-11-27,Mittwoch,November,Waning Crescent,🌘,18.5,85.8
2024-11-28,Donnerstag,November,Waning Crescent,🌘,11.0,89.2
2024-11-29,Freitag,November,Waning Crescent,🌘,5.3,92.6
2024-11-30,Samstag,November,New Moon,🌑,1.6,96.0
2024-12-01,Sonntag,Dezember,New Moon,🌑,0.0,99.4
2024-12-02,Montag,Dezember,New Moon,🌑,0.8,2.8
2024-12-03,Dienstag,Dezember,New Moon,🌑,3.7,6.2
2024-12-04,Mittwoch,Dezember,Waxing Crescent,🌒,8.7,9.5
2024-12-05,Donnerstag,Dezember,Waxing Crescent,🌒,15.6,12.9
2024-12-06,Freitag,Dezember,Waxing Crescent,🌒,24.1,16.3
2024-12-07,Samstag,Dezember,First Quarter,🌓,33.7,19.7
2024-12-08,Sonntag,Dezember,First Quarter,🌓,44.0,23.1
2024-12-09,Montag,Dezember,First Quarter,🌓,54.6,26.5
2024-12-10,Dienstag,Dezember,First Quarter,🌓,65.0,29.9
2024-12-11,Mittwoch,Dezember,Waxing Gibbous,🌔,74.8,33.2
2024-12-12,Donnerstag,Dezember,Waxing Gibbous,🌔,83.4,36.6
2024-12-13,Freitag,Dezember,Waxing Gibbous,🌔,90.5,40.0
2024-12-14,Samstag,Dezember,Waxing Gibbous,🌔,95.8,43.4
2024-12-15,Sonntag,Dezember,Full Moon,🌕,99.0,46.8
2024-12-16,Montag,Dezember,Full Moon,🌕,100.0,50.2
2024-12-17,Dienstag,Dezember,Full Moon,🌕,98.7,53.6
2024-12-18,Mittwoch,Dezember,Waning Gibbous,🌖,95.3,57.0
2024-12-19,Donnerstag,Dezember,Waning Gibbous,🌖,89.8,60.3
2024-12-20,Freitag,Dezember,Waning Gibbous,🌖,82.5,63.7
2024-12-21,Samstag,Dezember,Waning Gibbous,🌖,73.8,67.1
2024-12-22,Sonntag,Dezember,Last Quarter,🌗,64.0,70.5
2024-12-23,Montag,Dezember,Last Quarter,🌗,53.5,73.9
2024-12-24,Dienstag,Dezember,Last Quarter,🌗,42.9,77.3
2024-12-25,Mittwoch,Dezember,Last Quarter,🌗,32.6,80.7
2024-12-26,Donnerstag,Dezember,Waning Crescent,🌘,23.1,84.0
2024-12-27,Freitag,Dezember,Waning Crescent,🌘,14.8,87.4
2024-12-28,Samstag,Dezember,Waning Crescent,🌘,8.1,90.8
2024-12-29,Sonntag,Dezember,New Moon,🌑,3.3,94.2
2024-12-30,Montag,Dezember,New Moon,🌑,0.6,97.6
2024-12-31,Dienstag,Dezember,New Moon,🌑,0.1,1.0
2025-01-01,Mittwoch,Januar,New Moon,🌑,1.9,4.4
2025-01-02,Donnerstag,Januar,Waxing Crescent,🌒,5.8,7.7
2025-01-03,Freitag,Januar,Waxing Crescent,🌒,11.7,11.1
2025-01-04,Samstag,Januar,Waxing Crescent,🌒,19.4,14.5
2025-01-05,Sonntag,Januar,Waxing Crescent,🌒,28.4,17.9
2025-01-06,Montag,Januar,First Quarter,🌓,38.5,21.3
2025-01-07,Dienstag,Januar,First Quarter,🌓,49.0,24.7
2025-01-08,Mittwoch,Januar,First Quarter,🌓,59.6,28.1
2025-01-09,Donnerstag,Januar,Waxing Gibbous,🌔,69.7,31.5
2025-01-10,Freitag,Januar,Waxing Gibbous,🌔,79.0,34.8
2025-01-11,Samstag,Januar,Waxing Gibbous,🌔,86.9,38.2
2025-01-12,Sonntag,Januar,Waxing Gibbous,🌔,93.2,41.6
2025-01-13,Montag,Januar,Full Moon,🌕,97.6,45.0
2025-01-14,Dienstag,Januar,Full Moon,🌕,99.7,48.4
2025-01-15,Mittwoch,Januar,Full Moon,🌕,99.7,51.8
2025-01-16,Donnerstag,Januar,Full Moon,🌕,97.4,55.2
2025-01-17,Freitag,Januar,Waning Gibbous,🌖,93.0,58.5
2025-01-18,Samstag,Januar,Waning Gibbous,🌖,86.6,61.9
2025-01-19,Sonntag,Januar,Waning Gibbous,🌖,78.6,65.3
2025-01-20,Montag,Januar,Waning Gibbous,🌖,69.3,68.7
2025-01-21,Dienstag,Januar,Last Quarter,🌗,59.1,72.1
2025-01-22,Mittwoch,Januar,Last Quarter,🌗,48.5,75.5
2025-01-23,Donnerstag,Januar,Last Quarter,🌗,38.0,78.9
2025-01-24,Freitag,Januar,Waning Crescent,🌘,28.0,82.2
2025-01-25,Samstag,Januar,Waning Crescent,🌘,19.0,85.6
2025-01-26,Sonntag,Januar,Waning Crescent,🌘,11.4,89.0
2025-01-27,Montag,Januar,Waning Crescent,🌘,5.6,92.4
2025-01-28,Dienstag,Januar,New Moon,🌑,1.7,95.8
2025-01-29,Mittwoch,Januar,New Moon,🌑,0.1,99.2
2025-01-30,Donnerstag,Januar,New Moon,🌑,0.6,2.6
2025-01-31,Freitag,Januar,New Moon,🌑,3.5,6.0
2025-02-01,Samstag,Februar,Waxing Crescent,🌒,8.4,9.3
2025-02-02,Sonntag,Februar,Waxing Crescent,🌒,15.1,12.7
2025-02-03,Montag,Februar,Waxing Crescent,🌒,23.5,16.1
2025-02-04,Dienstag,Februar,First Quarter,🌓,33.1,19.5
2025-02-05,Mittwoch,Februar,First Quarter,🌓,43.4,22.9
2025-02-06,Donnerstag,Februar,First Quarter,🌓,54.0,26.3
2025-02-07,Freitag,Februar,First Quarter,🌓,64.4,29.7
2025-02-08,Samstag,Februar,Waxing Gibbous,🌔,74.2,33.0
2025-02-09,Sonntag,Februar,Waxing Gibbous,🌔,82.9,36.4
2025-02-10,Montag,Februar,Waxing Gibbous,🌔,90.1,39.8
2025-02-11,Dienstag,Februar,Waxing Gibbous,🌔,95.5,43.2
2025-02-12,Mittwoch,Februar,Full Moon,🌕,98.9,46.6
2025-02-13,Donnerstag,Februar,Full Moon,🌕,100.0,50.0
2025-02-14,Freitag,Februar,Full Moon,🌕,98.9,53.4
2025-02-15,Samstag,Februar,Waning Gibbous,🌖,95.6,56.7
2025-02-16,Sonntag,Februar,Waning Gibbous,🌖,90.2,60.1
2025-02-17,Montag,Februar,Waning Gibbous,🌖,83.0,63.5
2025-02-18,Dienstag,Februar,Waning Gibbous,🌖,74.3,66.9
2025-02-19,Mittwoch,Februar,Last Quarter,🌗,64.6,70.3
2025-02-20,Donnerstag,Februar,Last Quarter,🌗,54.1,73.7
2025-02-21,Freitag,Februar,Last Quarter,🌗,43.5,77.1
2025-02-22,Samstag,Februar,Last Quarter,🌗,33.2,80.5
2025-02-23,Sonntag,Februar,Waning Crescent,🌘,23.6,83.8
2025-02-24,Montag,Februar,Waning Crescent,🌘,15.3,87.2
2025-02-25,Dienstag,Februar,Waning Crescent,🌘,8.5,90.6
2025-02-26,Mittwoch,Februar,New Moon,🌑,3.5,94.0
2025-02-27,Donnerstag,Februar,New Moon,🌑,0.7,97.4
2025-02-28,Freitag,Februar,New Moon,🌑,0.1,0.8
2025-03-01,Samstag,März,New Moon,🌑,1.7,4.2
2025-03-02,Sonntag,März,Waxing Crescent,🌒,5.5,7.5
2025-03-03,Montag,März,Waxing Crescent,🌒,11.3,10.9
2025-03-04,Dienstag,März,Waxing Crescent,🌒,18.9,14.3
2025-03-05,Mittwoch,März,Waxing Crescent,🌒,27.9,17.7
2025-03-06,Donnerstag,März,First Quarter,🌓,37.8,21.1
2025-03-07,Freitag,März,First Quarter,🌓,48.3,24.5
2025-03-08,Samstag,März,First Quarter,🌓,58.9,27.9
2025-03-09,Sonntag,März,First Quarter,🌓,69.1,31.2
2025-03-10,Montag,März,Waxing Gibbous,🌔,78.4,34.6
2025-03-11,Dienstag,März,Waxing Gibbous,🌔,86.5,38.0
2025-03-12,Mittwoch,März,Waxing Gibbous,🌔,92.9,41.4
2025-03-13,Donnerstag,März,Full Moon,🌕,97.3,44.8
2025-03-14,Freitag,März,Full Moon,🌕,99.7,48.2
2025-03-15,Samstag,März,Full Moon,🌕,99.8,51.6
2025-03-16,Sonntag,März,Full Moon,🌕,97.6,55.0
2025-03-17,Montag,März,Waning Gibbous,🌖,93.3,58.3
2025-03-18,Dienstag,März,Waning Gibbous,🌖,87.0,61.7
2025-03-19,Mittwoch,März,Waning Gibbous,🌖,79.1,65.1
2025-03-20,Donnerstag,März,Waning Gibbous,🌖,69.9,68.5
2025-03-21,Freitag,März,Last Quarter,🌗,59.7,71.9
2025-03-22,Samstag,März,Last Quarter,🌗,49.2,75.3
2025-03-23,Sonntag,März,Last Quarter,🌗,38.6,78.7
2025-03-24,Montag,März,Waning Crescent,🌘,28.6,82.0
2025-03-25,Dienstag,März,Waning Crescent,🌘,19.5,85.4
2025-03-26,Mittwoch,März,Waning Crescent,🌘,11.9,88.8
2025-03-27,Donnerstag,März,Waning Crescent,🌘,5.9,92.2
2025-03-28,Freitag,März,New Moon,🌑,1.9,95.6
2025-03-29,Samstag,März,New Moon,🌑,0.1,99.0
2025-03-30,Sonntag,März,New Moon,🌑,0.5,2.4
2025-03-31,Montag,März,New Moon,🌑,3.2,5.7
2025-04-01,Dienstag,April,Waxing Crescent,🌒,8.0,9.1
2025-04-02,Mittwoch,April,Waxing Crescent,🌒,14.7,12.5
2025-04-03,Donnerstag,April,Waxing Crescent,🌒,23.0,15.9
2025-04-04,Freitag,April,First Quarter,🌓,32.4,19.3
2025-04-05,Samstag,April,First Quarter,🌓,42.7,22.7
2025-04-06,Sonntag,April,First Quarter,🌓,53.3,26.1
2025-04-07,Montag,April,First Quarter,🌓,63.8,29.4
2025-04-08,Dienstag,April,Waxing Gibbous,🌔,73.6,32.8
2025-04-09,Mittwoch,April,Waxing Gibbous,🌔,82.4,36.2
2025-04-10,Donnerstag,April,Waxing Gibbous,🌔,89.7,39.6
2025-04-11,Freitag,April,Waxing Gibbous,🌔,95.2,43.0
2025-04-12,Samstag,April,Full Moon,🌕,98.7,46.4
2025-04-13,Sonntag,April,Full Moon,🌕,100.0,49.8
2025-04-14,Montag,April,Full Moon,🌕,99.0,53.2
2025-04-15,Dienstag,April,Waning Gibbous,🌖,95.8,56.5
2025-04-16,Mittwoch,April,Waning Gibbous,🌖,90.6,59.9
2025-04-17,Donnerstag,April,Waning Gibbous,🌖,83.5,63.3
2025-04-18,Freitag,April,Waning Gibbous,🌖,74.9,66.7
2025-04-19,Samstag,April,Last Quarter,🌗,65.2,70.1
2025-04-20,Sonntag,April,Last Quarter,🌗,54.8,73.5
2025-04-21,Montag,April,Last Quarter,🌗,44.2,76.9
2025-04-22,Dienstag,April,Last Quarter,🌗,33.8,80.2
2025-04-23,Mittwoch,April,Waning Crescent,🌘,24.2,83.6
2025-04-24,Donnerstag,April,Waning Crescent,🌘,15.7,87.0
2025-04-25,Freitag,April,Waning Crescent,🌘,8.8,90.4
2025-04-26,Samstag,April,New Moon,🌑,3.8,93.8
2025-04-27,Sonntag,April,New Moon,🌑,0.8,97.2
2025-04-28,Montag,April,New Moon,🌑,0.0,0.6
2025-04-29,Dienstag,April,New Moon,🌑,1.5,3.9
2025-04-30,Mittwoch,April,Waxing Crescent,🌒,5.2,7.3
2025-05-01,Donnerstag,Mai,Waxing Crescent,🌒,10.9,10.7
2025-05-02,Freitag,Mai,Waxing Crescent,🌒,18.4,14.1
2025-05-03,Samstag,Mai,Waxing Crescent,🌒,27.3,17.5
2025-05-04,Sonntag,Mai,First Quarter,🌓,37.2,20.9
2025-05-05,Montag,Mai,First Quarter,🌓,47.7,24.3
2025-05-06,Dienstag,Mai,First Quarter,🌓,58.3,27.7
2025-05-07,Mittwoch,Mai,First Quarter,🌓,68.5,31.0
2025-05-08,Donnerstag,Mai,Waxing Gibbous,🌔,77.9,34.4
2025-05-09,Freitag,Mai,Waxing Gibbous,🌔,86.0,37.8
2025-05-10,Samstag,Mai,Waxing Gibbous,🌔,92.5,41.2
2025-05-11,Sonntag,Mai,Full Moon,🌕,97.1,44.6
2025-05-12,Montag,Mai,Full Moon,🌕,99.6,48.0
2025-05-13,Dienstag,Mai,Full Moon,🌕,99.8,51.4
2025-05-14,Mittwoch,Mai,Full Moon,🌕,97.8,54.7
2025-05-15,Donnerstag,Mai,Waning Gibbous,🌖,93.6,58.1
2025-05-16,Freitag,Mai,Waning Gibbous,🌖,87.5,61.5
2025-05-17,Samstag,Mai,Waning Gibbous,🌖,79.6,64.9
2025-05-18,Sonntag,Mai,Waning Gibbous,🌖,70.5,68.3
2025-05-19,Montag,Mai,Last Quarter,🌗,60.4,71.7
2025-05-20,Dienstag,Mai,Last Quarter,🌗,49.8,75.1
2025-05-21,Mittwoch,Mai,Last Quarter,🌗,39.3,78.4
2025-05-22,Donnerstag,Mai,Waning Crescent,🌘,29.2,81.8
2025-05-23,Freitag,Mai,Waning Crescent,🌘,20.1,85.2
2025-05-24,Samstag,Mai,Waning Crescent,🌘,12.3,88.6
2025-05-25,Sonntag,Mai,Waning Crescent,🌘,6.2,92.0
2025-05-26,Montag,Mai,New Moon,🌑,2.1,95.4
2025-05-27,Dienstag,Mai,New Moon,🌑,0.2,98.8
2025-05-28,Mittwoch,Mai,New Moon,🌑,0.5,2.2
2025-05-29,Donnerstag,Mai,New Moon,🌑,3.0,5.5
2025-05-30,Freitag,Mai,Waxing Crescent,🌒,7.7,8.9
2025-05-31,Samstag,Mai,Waxing Crescent,🌒,14.2,12.3
2025-06-01,Sonntag,Juni,Waxing Crescent,🌒,22.4,15.7
2025-06-02,Montag,Juni,First Quarter,🌓,31.8,19.1
2025-06-03,Dienstag,Juni,First Quarter,🌓,42.1,22.5
2025-06-04,Mittwoch,Juni,First Quarter,🌓,52.7,25.9
2025-06-05,Donnerstag,Juni,First Quarter,🌓,63.2,29.2
2025-06-06,Freitag,Juni,Waxing Gibbous,🌔,73.1,32.6
2025-06-07,Samstag,Juni,Waxing Gibbous,🌔,81.9,36.0
2025-06-08,Sonntag,Juni,Waxing Gibbous,🌔,89.3,39.4
2025-06-09,Montag,Juni,Waxing Gibbous,🌔,95.0,42.8
2025-06-10,Dienstag,Juni,Full Moon,🌕,98.6,46.2
2025-06-11,Mittwoch,Juni,Full Moon,🌕,100.0,49.6
2025-06-12,Donnerstag,Juni,Full Moon,🌕,99.1,52.9
2025-06-13,Freitag,Juni,Waning Gibbous,🌖,96.1,56.3
2025-06-14,Samstag,Juni,Waning Gibbous,🌖,91.0,59.7
2025-06-15,Sonntag,Juni,Waning Gibbous,🌖,84.0,63.1
2025-06-16,Montag,Juni,Waning Gibbous,🌖,75.5,66.5
2025-06-17,Dienstag,Juni,Last Quarter,🌗,65.8,69.9
2025-06-18,Mittwoch,Juni,Last Quarter,🌗,55.4,73.3
2025-06-19,Donnerstag,Juni,Last Quarter,🌗,44.8,76.7
2025-06-20,Freitag,Juni,Last Quarter,🌗,34.4,80.0
2025-06-21,Samstag,Juni,Waning Crescent,🌘,24.8,83.4
2025-06-22,Sonntag,Juni,Waning Crescent,🌘,16.2,86.8
2025-06-23,Montag,Juni,Waning Crescent,🌘,9.2,90.2
2025-06-24,Dienstag,Juni,Waning Crescent,🌘,4.0,93.6
2025-06-25,Mittwoch,Juni,New Moon,🌑,0.9,97.0
2025-06-26,Donnerstag,Juni,New Moon,🌑,0.0,0.4
2025-06-27,Freitag,Juni,New Moon,🌑,1.4,3.7
2025-06-28,Samstag,Juni,Waxing Crescent,🌒,4.9,7.1
2025-06-29,Sonntag,Juni,Waxing Crescent,🌒,10.5,10.5
2025-06-30,Montag,Juni,Waxing Crescent,🌒,17.9,13.9
2025-07-01,Dienstag,Juli,Waxing Crescent,🌒,26.7,17.3
2025-07-02,Mittwoch,Juli,First Quarter,🌓,36.6,20.7
2025-07-03,Donnerstag,Juli,First Quarter,🌓,47.0,24.1
2025-07-04,Freitag,Juli,First Quarter,🌓,57.7,27.4
2025-07-05,Samstag,Juli,First Quarter,🌓,67.9,30.8
2025-07-06,Sonntag,Juli,Waxing Gibbous,🌔,77.4,34.2
2025-07-07,Montag,Juli,Waxing Gibbous,🌔,85.6,37.6
2025-07-08,Dienstag,Juli,Waxing Gibbous,🌔,92.2,41.0
2025-07-09,Mittwoch,Juli,Full Moon,🌕,96.9,44.4
2025-07-10,Donnerstag,Juli,Full Moon,🌕,99.5,47.8
2025-07-11,Freitag,Juli,Full Moon,🌕,99.9,51.1
2025-07-12,Samstag,Juli,Full Moon,🌕,98.0,54.5
2025-07-13,Sonntag,Juli,Waning Gibbous,🌖,93.9,57.9
2025-07-14,Montag,Juli,Waning Gibbous,🌖,87.9,61.3
2025-07-15,Dienstag,Juli,Waning Gibbous,🌖,80.2,64.7
2025-07-16,Mittwoch,Juli,Waning Gibbous,🌖,71.1,68.1
2025-07-17,Donnerstag,Juli,Last Quarter,🌗,61.0,71.5
2025-07-18,Freitag,Juli,Last Quarter,🌗,50.5,74.9
2025-07-19,Samstag,Juli,Last Quarter,🌗,39.9,78.2
2025-07-20,Sonntag,Juli,Waning Crescent,🌘,29.8,81.6
2025-07-21,Montag,Juli,Waning Crescent,🌘,20.6,85.0
2025-07-22,Dienstag,Juli,Waning Crescent,🌘,12.7,88.4
2025-07-23,Mittwoch,Juli,Waning Crescent,🌘,6.5,91.8
2025-07-24,Donnerstag,Juli,New Moon,🌑,2.3,95.2
2025-07-25,Freitag,Juli,New Moon,🌑,0.2,98.6
2025-07-26,Samstag,Juli,New Moon,🌑,0.4,1.9
2025-07-27,Sonntag,Juli,New Moon,🌑,2.8,5.3
2025-07-28,Montag,Juli,Waxing Crescent,🌒,7.3,8.7
2025-07-29,Dienstag,Juli,Waxing Crescent,🌒,13.8,12.1
2025-07-30,Mittwoch,Juli,Waxing Crescent,🌒,21.9,15.5
2025-07-31,Donnerstag,Juli,First Quarter,🌓,31.2,18.9
2025-08-01,Freitag,August,First Quarter,🌓,41.4,22.3
2025-08-02,Samstag,August,First Quarter,🌓,52.0,25.6
2025-08-03,Sonntag,August,First Quarter,🌓,62.5,29.0
2025-08-04,Montag,August,Waxing Gibbous,🌔,72.5,32.4
2025-08-05,Dienstag,August,Waxing Gibbous,🌔,81.4,35.8
2025-08-06,Mittwoch,August,Waxing Gibbous,🌔,88.9,39.2
2025-08-07,Donnerstag,August,Waxing Gibbous,🌔,94.7,42.6
2025-08-08,Freitag,August,Full Moon,🌕,98.4,46.0
2025-08-09,Samstag,August,Full Moon,🌕,100.0,49.4
2025-08-10,Sonntag,August,Full Moon,🌕,99.3,52.7
2025-08-11,Montag,August,Full Moon,🌕,96.3,56.1
2025-08-12,Dienstag,August,Waning Gibbous,🌖,91.3,59.5
2025-08-13,Mittwoch,August,Waning Gibbous,🌖,84.5,62.9
2025-08-14,Donnerstag,August,Waning Gibbous,🌖,76.0,66.3
2025-08-15,Freitag,August,Last Quarter,🌗,66.4,69.7
2025-08-16,Samstag,August,Last Quarter,🌗,56.1,73.1
2025-08-17,Sonntag,August,Last Quarter,🌗,45.5,76.4
2025-08-18,Montag,August,Last Quarter,🌗,35.1,79.8
2025-08-19,Dienstag,August,Waning Crescent,🌘,25.3,83.2
2025-08-20,Mittwoch,August,Waning Crescent,🌘,16.7,86.6
2025-08-21,Donnerstag,August,Waning Crescent,🌘,9.6,90.0
2025-08-22,Freitag,August,Waning Crescent,🌘,4.3,93.4
2025-08-23,Samstag,August,New Moon,🌑,1.0,96.8
2025-08-24,Sonntag,August,New Moon,🌑,0.0,0.1
2025-08-25,Montag,August,New Moon,🌑,1.2,3.5
2025-08-26,Dienstag,August,Waxing Crescent,🌒,4.7,6.9
2025-08-27,Mittwoch,August,Waxing Crescent,🌒,10.1,10.3
2025-08-28,Donnerstag,August,Waxing Crescent,🌒,17.4,13.7
2025-08-29,Freitag,August,Waxing Crescent,🌒,26.1,17.1
2025-08-30,Samstag,August,First Quarter,🌓,35.9,20.5
2025-08-31,Sonntag,August,First Quarter,🌓,46.4,23.9
2025-09-01,Montag,September,First Quarter,🌓,57.0,27.2
2025-09-02,Dienstag,September,First Quarter,🌓,67.3,30.6
2025-09-03,Mittwoch,September,Waxing Gibbous,🌔,76.8,34.0
2025-09-04,Donnerstag,September,Waxing Gibbous,🌔,85.1,37.4
2025-09-05,Freitag,September,Waxing Gibbous,🌔,91.8,40.8
2025-09-06,Samstag,September,Full Moon,🌕,96.7,44.2
2025-09-07,Sonntag,September,Full Moon,🌕,99.4,47.6
2025-09-08,Montag,September,Full Moon,🌕,99.9,50.9
2025-09-09,Dienstag,September,Full Moon,🌕,98.2,54.3
2025-09-10,Mittwoch,September,Waning Gibbous,🌖,94.2,57.7
2025-09-11,Donnerstag,September,Waning Gibbous,🌖,88.3,61.1
2025-09-12,Freitag,September,Waning Gibbous,🌖,80.7,64.5
2025-09-13,Samstag,September,Waning Gibbous,🌖,71.6,67.9
2025-09-14,Sonntag,September,Last Quarter,🌗,61.6,71.3
2025-09-15,Montag,September,Last Quarter,🌗,51.1,74.6
2025-09-16,Dienstag,September,Last Quarter,🌗,40.5,78.0
2025-09-17,Mittwoch,September,Waning Crescent,🌘,30.4,81.4
2025-09-18,Donnerstag,September,Waning Crescent,🌘,21.1,84.8
2025-09-19,Freitag,September,Waning Crescent,🌘,13.1,88.2
2025-09-20,Samstag,September,Waning Crescent,🌘,6.8,91.6
2025-09-21,Sonntag,September,New Moon,🌑,2.5,95.0
2025-09-22,Montag,September,New Moon,🌑,0.3,98.4
2025-09-23,Dienstag,September,New Moon,🌑,0.3,1.7
2025-09-24,Mittwoch,September,New Moon,🌑,2.6,5.1
2025-09-25,Donnerstag,September,Waxing Crescent,🌒,7.0,8.5
2025-09-26,Freitag,September,Waxing Crescent,🌒,13.3,11.9
2025-09-27,Samstag,September,Waxing Crescent,🌒,21.3,15.3
2025-09-28,Sonntag,September,Waxing Crescent,🌒,30.6,18.7
2025-09-29,Montag,September,First Quarter,🌓,40.8,22.1
2025-09-30,Dienstag,September,First Quarter,🌓,51.4,25.4
2025-10-01,Mittwoch,Oktober,First Quarter,🌓,61.9,28.8
2025-10-02,Donnerstag,Oktober,Waxing Gibbous,🌔,71.9,32.2
2025-10-03,Freitag,Oktober,Waxing Gibbous,🌔,80.9,35.6
2025-10-04,Samstag,Oktober,Waxing Gibbous,🌔,88.5,39.0
2025-10-05,Sonntag,Oktober,Waxing Gibbous,🌔,94.4,42.4
2025-10-06,Montag,Oktober,Full Moon,🌕,98.2,45.8
2025-10-07,Dienstag,Oktober,Full Moon,🌕,99.9,49.1
2025-10-08,Mittwoch,Oktober,Full Moon,🌕,99.4,52.5
2025-10-09,Donnerstag,Oktober,Full Moon,🌕,96.6,55.9
2025-10-10,Freitag,Oktober,Waning Gibbous,🌖,91.7,59.3
2025-10-11,Samstag,Oktober,Waning Gibbous,🌖,84.9,62.7
2025-10-12,Sonntag,Oktober,Waning Gibbous,🌖,76.6,66.1
2025-10-13,Montag,Oktober,Last Quarter,🌗,67.0,69.5
2025-10-14,Dienstag,Oktober,Last Quarter,🌗,56.7,72.8
2025-10-15,Mittwoch,Oktober,Last Quarter,🌗,46.1,76.2
2025-10-16,Donnerstag,Oktober,Last Quarter,🌗,35.7,79.6
2025-10-17,Freitag,Oktober,Waning Crescent,🌘,25.9,83.0
2025-10-18,Samstag,Oktober,Waning Crescent,🌘,17.2,86.4
2025-10-19,Sonntag,Oktober,Waning Crescent,🌘,10.0,89.8
2025-10-20,Montag,Oktober,Waning Crescent,🌘,4.5,93.2
2025-10-21,Dienstag,Oktober,New Moon,🌑,1.2,96.6
2025-10-22,Mittwoch,Oktober,New Moon,🌑,0.0,99.9
2025-10-23,Donnerstag,Oktober,New Moon,🌑,1.1,3.3
2025-10-24,Freitag,Oktober,Waxing Crescent,🌒,4.4,6.7
2025-10-25,Samstag,Oktober,Waxing Crescent,🌒,9.7,10.1
2025-10-26,Sonntag,Oktober,Waxing Crescent,🌒,16.9,13.5
2025-10-27,Montag,Oktober,Waxing Crescent,🌒,25.6,16.9
2025-10-28,Dienstag,Oktober,First Quarter,🌓,35.3,20.3
2025-10-29,Mittwoch,Oktober,First Quarter,🌓,45.7,23.6
2025-10-30,Donnerstag,Oktober,First Quarter,🌓,56.4,27.0
2025-10-31,Freitag,Oktober,First Quarter,🌓,66.7,30.4
2025-11-01,Samstag,November,Waxing Gibbous,🌔,76.3,33.8
2025-11-02,Sonntag,November,Waxing Gibbous,🌔,84.7,37.2
2025-11-03,Montag,November,Waxing Gibbous,🌔,91.5,40.6
2025-11-04,Dienstag,November,Full Moon,🌕,96.4,44.0
2025-11-05,Mittwoch,November,Full Moon,🌕,99.3,47.3
2025-11-06,Donnerstag,November,Full Moon,🌕,99.9,50.7
2025-11-07,Freitag,November,Full Moon,🌕,98.3,54.1
2025-11-08,Samstag,November,Waning Gibbous,🌖,94.5,57.5
2025-11-09,Sonntag,November,Waning Gibbous,🌖,88.7,60.9
2025-11-10,Montag,November,Waning Gibbous,🌖,81.2,64.3
2025-11-11,Dienstag,November,Waning Gibbous,🌖,72.2,67.7
2025-11-12,Mittwoch,November,Last Quarter,🌗,62.3,71.1
2025-11-13,Donnerstag,November,Last Quarter,🌗,51.8,74.4
2025-11-14,Freitag,November,Last Quarter,🌗,41.2,77.8
2025-11-15,Samstag,November,Last Quarter,🌗,31.0,81.2
2025-11-16,Sonntag,November,Waning Crescent,🌘,21.6,84.6
2025-11-17,Montag,November,Waning Crescent,🌘,13.6,88.0
2025-11-18,Dienstag,November,Waning Crescent,🌘,7.2,91.4
2025-11-19,Mittwoch,November,New Moon,🌑,2.7,94.8
2025-11-20,Donnerstag,November,New Moon,🌑,0.3,98.1
2025-11-21,Freitag,November,New Moon,🌑,0.2,1.5
2025-11-22,Samstag,November,New Moon,🌑,2.4,4.9
2025-11-23,Sonntag,November,Waxing Crescent,🌒,6.7,8.3
2025-11-24,Montag,November,Waxing Crescent,🌒,12.9,11.7
2025-11-25,Dienstag,November,Waxing Crescent,🌒,20.8,15.1
2025-11-26,Mittwoch,November,Waxing Crescent,🌒,30.0,18.5
2025-11-27,Donnerstag,November,First Quarter,🌓,40.2,21.8
2025-11-28,Freitag,November,First Quarter,🌓,50.7,25.2
2025-11-29,Samstag,November,First Quarter,🌓,61.3,28.6
2025-11-30,Sonntag,November,Waxing Gibbous,🌔,71.3,32.0
2025-12-01,Montag,Dezember,Waxing Gibbous,🌔,80.4,35.4
2025-12-02,Dienstag,Dezember,Waxing Gibbous,🌔,88.1,38.8
2025-12-03,Mittwoch,Dezember,Waxing Gibbous,🌔,94.1,42.2
2025-12-04,Donnerstag,Dezember,Full Moon,🌕,98.1,45.6
2025-12-05,Freitag,Dezember,Full Moon,🌕,99.9,48.9
2025-12-06,Samstag,Dezember,Full Moon,🌕,99.5,52.3
2025-12-07,Sonntag,Dezember,Full Moon,🌕,96.8,55.7
2025-12-08,Montag,Dezember,Waning Gibbous,🌖,92.1,59.1
2025-12-09,Dienstag,Dezember,Waning Gibbous,🌖,85.4,62.5
2025-12-10,Mittwoch,Dezember,Waning Gibbous,🌖,77.1,65.9
2025-12-11,Donnerstag,Dezember,Last Quarter,🌗,67.7,69.3
2025-12-12,Freitag,Dezember,Last Quarter,🌗,57.4,72.6
2025-12-13,Samstag,Dezember,Last Quarter,🌗,46.8,76.0
2025-12-14,Sonntag,Dezember,Last Quarter,🌗,36.3,79.4
2025-12-15,Montag,Dezember,Waning Crescent,🌘,26.5,82.8
2025-12-16,Dienstag,Dezember,Waning Crescent,🌘,17.7,86.2
2025-12-17,Mittwoch,Dezember,Waning Crescent,🌘,10.3,89.6
2025-12-18,Donnerstag,Dezember,Waning Crescent,🌘,4.8,93.0
2025-12-19,Freitag,Dezember,New Moon,🌑,1.3,96.3
2025-12-20,Samstag,Dezember,New Moon,🌑,0.0,99.7
2025-12-21,Sonntag,Dezember,New Moon,🌑,1.0,3.1
2025-12-22,Montag,Dezember,Waxing Crescent,🌒,4.1,6.5
2025-12-23,Dienstag,Dezember,Waxing Crescent,🌒,9.4,9.9
2025-12-24,Mittwoch,Dezember,Waxing Crescent,🌒,16.4,13.3
2025-12-25,Donnerstag,Dezember,Waxing Crescent,🌒,25.0,16.7
2025-12-26,Freitag,Dezember,First Quarter,🌓,34.7,20.1
2025-12-27,Samstag,Dezember,First Quarter,🌓,45.1,23.4
2025-12-28,Sonntag,Dezember,First Quarter,🌓,55.7,26.8
2025-12-29,Montag,Dezember,First Quarter,🌓,66.1,30.2
2025-12-30,Dienstag,Dezember,Waxing Gibbous,🌔,75.7,33.6
2025-12-31,Mittwoch,Dezember,Waxing Gibbous,🌔,84.2,37.0
2026-01-01,Donnerstag,Januar,Waxing Gibbous,🌔,91.1,40.4
2026-01-02,Freitag,Januar,Full Moon,🌕,96.2,43.8
2026-01-03,Samstag,Januar,Full Moon,🌕,99.2,47.1
2026-01-04,Sonntag,Januar,Full Moon,🌕,100.0,50.5
2026-01-05,Montag,Januar,Full Moon,🌕,98.5,53.9
2026-01-06,Dienstag,Januar,Waning Gibbous,🌖,94.8,57.3
2026-01-07,Mittwoch,Januar,Waning Gibbous,🌖,89.1,60.7
2026-01-08,Donnerstag,Januar,Waning Gibbous,🌖,81.7,64.1
2026-01-09,Freitag,Januar,Waning Gibbous,🌖,72.8,67.5
2026-01-10,Samstag,Januar,Last Quarter,🌗,62.9,70.8
2026-01-11,Sonntag,Januar,Last Quarter,🌗,52.4,74.2
2026-01-12,Montag,Januar,Last Quarter,🌗,41.8,77.6
2026-01-13,Dienstag,Januar,Last Quarter,🌗,31.6,81.0
2026-01-14,Mittwoch,Januar,Waning Crescent,🌘,22.2,84.4
2026-01-15,Donnerstag,Januar,Waning Crescent,🌘,14.0,87.8
2026-01-16,Freitag,Januar,Waning Crescent,🌘,7.5,91.2
2026-01-17,Samstag,Januar,New Moon,🌑,2.9,94.6
2026-01-18,Sonntag,Januar,New Moon,🌑,0.4,97.9
2026-01-19,Montag,Januar,New Moon,🌑,0.2,1.3
2026-01-20,Dienstag,Januar,New Moon,🌑,2.2,4.7
2026-01-21,Mittwoch,Januar,Waxing Crescent,🌒,6.3,8.1
2026-01-22,Donnerstag,Januar,Waxing Crescent,🌒,12.5,11.5
2026-01-23,Freitag,Januar,Waxing Crescent,🌒,20.3,14.9
2026-01-24,Samstag,Januar,Waxing Crescent,🌒,29.4,18.3
2026-01-25,Sonntag,Januar,First Quarter,🌓,39.5,21.6
2026-01-26,Montag,Januar,First Quarter,🌓,50.1,25.0
2026-01-27,Dienstag,Januar,First Quarter,🌓,60.6,28.4
2026-01-28,Mittwoch,Januar,Waxing Gibbous,🌔,70.7,31.8
2026-01-29,Donnerstag,Januar,Waxing Gibbous,🌔,79.9,35.2
2026-01-30,Freitag,Januar,Waxing Gibbous,🌔,87.7,38.6
2026-01-31,Samstag,Januar,Waxing Gibbous,🌔,93.8,42.0
2026-02-01,Sonntag,Februar,Full Moon,🌕,97.9,45.3
2026-02-02,Montag,Februar,Full Moon,🌕,99.8,48.7
2026-02-03,Dienstag,Februar,Full Moon,🌕,99.6,52.1
2026-02-04,Mittwoch,Februar,Full Moon,🌕,97.0,55.5
2026-02-05,Donnerstag,Februar,Waning Gibbous,🌖,92.4,58.9
2026-02-06,Freitag,Februar,Waning Gibbous,🌖,85.8,62.3
2026-02-07,Samstag,Februar,Waning Gibbous,🌖,77.7,65.7
2026-02-08,Sonntag,Februar,Last Quarter,🌗,68.3,69.0
2026-02-09,Montag,Februar,Last Quarter,🌗,58.0,72.4
2026-02-10,Dienstag,Februar,Last Quarter,🌗,47.4,75.8
2026-02-11,Mittwoch,Februar,Last Quarter,🌗,36.9,79.2
2026-02-12,Donnerstag,Februar,Waning Crescent,🌘,27.0,82.6
2026-02-13,Freitag,Februar,Waning Crescent,🌘,18.2,86.0
2026-02-14,Samstag,Februar,Waning Crescent,🌘,10.7,89.4
2026-02-15,Sonntag,Februar,Waning Crescent,🌘,5.1,92.8
2026-02-16,Montag,Februar,New Moon,🌑,1.5,96.1
2026-02-17,Dienstag,Februar,New Moon,🌑,0.0,99.5
2026-02-18,Mittwoch,Februar,New Moon,🌑,0.8,2.9
2026-02-19,Donnerstag,Februar,Waxing Crescent,🌒,3.9,6.3
2026-02-20,Freitag,Februar,Waxing Crescent,🌒,9.0,9.7
2026-02-21,Samstag,Februar,Waxing Crescent,🌒,15.9,13.1
2026-02-22,Sonntag,Februar,Waxing Crescent,🌒,24.4,16.5
2026-02-23,Montag,Februar,First Quarter,🌓,34.1,19.8
2026-02-24,Dienstag,Februar,First Quarter,🌓,44.5,23.2
2026-02-25,Mittwoch,Februar,First Quarter,🌓,55.1,26.6
2026-02-26,Donnerstag,Februar,First Quarter,🌓,65.5,30.0
2026-02-27,Freitag,Februar,Waxing Gibbous,🌔,75.2,33.4
2026-02-28,Samstag,Februar,Waxing Gibbous,🌔,83.7,36.8
2026-03-01,Sonntag,März,Waxing Gibbous,🌔,90.7,40.2
2026-03-02,Montag,März,Waxing Gibbous,🌔,95.9,43.5
2026-03-03,Dienstag,März,Full Moon,🌕,99.1,46.9
2026-03-04,Mittwoch,März,Full Moon,🌕,100.0,50.3
2026-03-05,Donnerstag,März,Full Moon,🌕,98.6,53.7
2026-03-06,Freitag,März,Waning Gibbous,🌖,95.1,57.1
2026-03-07,Samstag,März,Waning Gibbous,🌖,89.5,60.5
2026-03-08,Sonntag,März,Waning Gibbous,🌖,82.2,63.9
2026-03-09,Montag,März,Waning Gibbous,🌖,73.4,67.3
2026-03-10,Dienstag,März,Last Quarter,🌗,63.5,70.6
2026-03-11,Mittwoch,März,Last Quarter,🌗,53.1,74.0
2026-03-12,Donnerstag,März,Last Quarter,🌗,42.5,77.4
2026-03-13,Freitag,März,Last Quarter,🌗,32.2,80.8
2026-03-14,Samstag,März,Waning Crescent,🌘,22.7,84.2
2026-03-15,Sonntag,März,Waning Crescent,🌘,14.5,87.6
2026-03-16,Montag,März,Waning Crescent,🌘,7.9,91.0
2026-03-17,Dienstag,März,New Moon,🌑,3.1,94.3
2026-03-18,Mittwoch,März,New Moon,🌑,0.5,97.7
2026-03-19,Donnerstag,März,New Moon,🌑,0.1,1.1
2026-03-20,Freitag,März,New Moon,🌑,2.0,4.5
2026-03-21,Samstag,März,Waxing Crescent,🌒,6.0,7.9
2026-03-22,Sonntag,März,Waxing Crescent,🌒,12.0,11.3
2026-03-23,Montag,März,Waxing Crescent,🌒,19.8,14.7
2026-03-24,Dienstag,März,Waxing Crescent,🌒,28.8,18.0
2026-03-25,Mittwoch,März,First Quarter,🌓,38.9,21.4
2026-03-26,Donnerstag,März,First Quarter,🌓,49.4,24.8
2026-03-27,Freitag,März,First Quarter,🌓,60.0,28.2
2026-03-28,Samstag,März,Waxing Gibbous,🌔,70.1,31.6
2026-03-29,Sonntag,März,Waxing Gibbous,🌔,79.3,35.0
2026-03-30,Montag,März,Waxing Gibbous,🌔,87.2,38.4
2026-03-31,Dienstag,März,Waxing Gibbous,🌔,93.4,41.8
2026-04-01,Mittwoch,April,Full Moon,🌕,97.7,45.1
2026-04-02,Donnerstag,April,Full Moon,🌕,99.8,48.5
2026-04-03,Freitag,April,Full Moon,🌕,99.6,51.9
2026-04-04,Samstag,April,Full Moon,🌕,97.3,55.3
2026-04-05,Sonntag,April,Waning Gibbous,🌖,92.7,58.7
2026-04-06,Montag,April,Waning Gibbous,🌖,86.3,62.1
2026-04-07,Dienstag,April,Waning Gibbous,🌖,78.2,65.5
2026-04-08,Mittwoch,April,Last Quarter,🌗,68.9,68.8
2026-04-09,Donnerstag,April,Last Quarter,🌗,58.7,72.2
2026-04-10,Freitag,April,Last Quarter,🌗,48.1,75.6
2026-04-11,Samstag,April,Last Quarter,🌗,37.6,79.0
2026-04-12,Sonntag,April,Waning Crescent,🌘,27.6,82.4
2026-04-13,Montag,April,Waning Crescent,🌘,18.7,85.8
2026-04-14,Dienstag,April,Waning Crescent,🌘,11.2,89.2
2026-04-15,Mittwoch,April,Waning Crescent,🌘,5.4,92.5
2026-04-16,Donnerstag,April,New Moon,🌑,1.6,95.9
2026-04-17,Freitag,April,New Moon,🌑,0.0,99.3
2026-04-18,Samstag,April,New Moon,🌑,0.7,2.7
2026-04-19,Sonntag,April,New Moon,🌑,3.6,6.1
2026-04-20,Montag,April,Waxing Crescent,🌒,8.6,9.5
2026-04-21,Dienstag,April,Waxing Crescent,🌒,15.5,12.9
2026-04-22,Mittwoch,April,Waxing Crescent,🌒,23.9,16.3
2026-04-23,Donnerstag,April,First Quarter,🌓,33.5,19.6
2026-04-24,Freitag,April,First Quarter,🌓,43.8,23.0
2026-04-25,Samstag,April,First Quarter,🌓,54.4,26.4
2026-04-26,Sonntag,April,First Quarter,🌓,64.8,29.8
2026-04-27,Montag,April,Waxing Gibbous,🌔,74.6,33.2
2026-04-28,Dienstag,April,Waxing Gibbous,🌔,83.2,36.6
2026-04-29,Mittwoch,April,Waxing Gibbous,🌔,90.4,40.0
2026-04-30,Donnerstag,April,Waxing Gibbous,🌔,95.7,43.3
2026-05-01,Freitag,Mai,Full Moon,🌕,98.9,46.7
2026-05-02,Samstag,Mai,Full Moon,🌕,100.0,50.1
2026-05-03,Sonntag,Mai,Full Moon,🌕,98.8,53.5
2026-05-04,Montag,Mai,Waning Gibbous,🌖,95.4,56.9
2026-05-05,Dienstag,Mai,Waning Gibbous,🌖,89.9,60.3
2026-05-06,Mittwoch,Mai,Waning Gibbous,🌖,82.7,63.7
2026-05-07,Donnerstag,Mai,Waning Gibbous,🌖,74.0,67.0
2026-05-08,Freitag,Mai,Last Quarter,🌗,64.2,70.4
2026-05-09,Samstag,Mai,Last Quarter,🌗,53.7,73.8
2026-05-10,Sonntag,Mai,Last Quarter,🌗,43.1,77.2
2026-05-11,Montag,Mai,Last Quarter,🌗,32.8,80.6
2026-05-12,Dienstag,Mai,Waning Crescent,🌘,23.3,84.0
2026-05-13,Mittwoch,Mai,Waning Crescent,🌘,14.9,87.4
2026-05-14,Donnerstag,Mai,Waning Crescent,🌘,8.2,90.7
2026-05-15,Freitag,Mai,New Moon,🌑,3.4,94.1
2026-05-16,Samstag,Mai,New Moon,🌑,0.6,97.5
2026-05-17,Sonntag,Mai,New Moon,🌑,0.1,0.9
2026-05-18,Montag,Mai,New Moon,🌑,1.8,4.3
2026-05-19,Dienstag,Mai,Waxing Crescent,🌒,5.7,7.7
2026-05-20,Mittwoch,Mai,Waxing Crescent,🌒,11.6,11.1
2026-05-21,Donnerstag,Mai,Waxing Crescent,🌒,19.2,14.5
2026-05-22,Freitag,Mai,Waxing Crescent,🌒,28.3,17.8
2026-05-23,Samstag,Mai,First Quarter,🌓,38.3,21.2
2026-05-24,Sonntag,Mai,First Quarter,🌓,48.8,24.6
2026-05-25,Montag,Mai,First Quarter,🌓,59.4,28.0
2026-05-26,Dienstag,Mai,Waxing Gibbous,🌔,69.5,31.4
2026-05-27,Mittwoch,Mai,Waxing Gibbous,🌔,78.8,34.8
2026-05-28,Donnerstag,Mai,Waxing Gibbous,🌔,86.8,38.2
2026-05-29,Freitag,Mai,Waxing Gibbous,🌔,93.1,41.5
2026-05-30,Samstag,Mai,Full Moon,🌕,97.5,44.9
2026-05-31,Sonntag,Mai,Full Moon,🌕,99.7,48.3
2026-06-01,Montag,Juni,Full Moon,🌕,99.7,51.7
2026-06-02,Dienstag,Juni,Full Moon,🌕,97.5,55.1
2026-06-03,Mittwoch,Juni,Waning Gibbous,🌖,93.1,58.5
2026-06-04,Donnerstag,Juni,Waning Gibbous,🌖,86.7,61.9
2026-06-05,Freitag,Juni,Waning Gibbous,🌖,78.8,65.2
2026-06-06,Samstag,Juni,Waning Gibbous,🌖,69.5,68.6
2026-06-07,Sonntag,Juni,Last Quarter,🌗,59.3,72.0
2026-06-08,Montag,Juni,Last Quarter,🌗,48.7,75.4
2026-06-09,Dienstag,Juni,Last Quarter,🌗,38.2,78.8
2026-06-10,Mittwoch,Juni,Waning Crescent,🌘,28.2,82.2
2026-06-11,Donnerstag,Juni,Waning Crescent,🌘,19.2,85.6
2026-06-12,Freitag,Juni,Waning Crescent,🌘,11.6,89.0
2026-06-13,Samstag,Juni,Waning Crescent,🌘,5.7,92.3
2026-06-14,Sonntag,Juni,New Moon,🌑,1.8,95.7
2026-06-15,Montag,Juni,New Moon,🌑,0.1,99.1
2026-06-16,Dienstag,Juni,New Moon,🌑,0.6,2.5
2026-06-17,Mittwoch,Juni,New Moon,🌑,3.4,5.9
2026-06-18,Donnerstag,Juni,Waxing Crescent,🌒,8.2,9.3
2026-06-19,Freitag,Juni,Waxing Crescent,🌒,15.0,12.7
2026-06-20,Samstag,Juni,Waxing Crescent,🌒,23.3,16.0
2026-06-21,Sonntag,Juni,First Quarter,🌓,32.9,19.4
2026-06-22,Montag,Juni,First Quarter,🌓,43.2,22.8
2026-06-23,Dienstag,Juni,First Quarter,🌓,53.8,26.2
2026-06-24,Mittwoch,Juni,First Quarter,🌓,64.2,29.6
2026-06-25,Donnerstag,Juni,Waxing Gibbous,🌔,74.0,33.0
2026-06-26,Freitag,Juni,Waxing Gibbous,🌔,82.7,36.4
2026-06-27,Samstag,Juni,Waxing Gibbous,🌔,90.0,39.7
2026-06-28,Sonntag,Juni,Waxing Gibbous,🌔,95.4,43.1
2026-06-29,Montag,Juni,Full Moon,🌕,98.8,46.5
2026-06-30,Dienstag,Juni,Full Moon,🌕,100.0,49.9
2026-07-01,Mittwoch,Juli,Full Moon,🌕,98.9,53.3
2026-07-02,Donnerstag,Juli,Waning Gibbous,🌖,95.7,56.7
2026-07-03,Freitag,Juli,Waning Gibbous,🌖,90.3,60.1
2026-07-04,Samstag,Juli,Waning Gibbous,🌖,83.2,63.5
2026-07-05,Sonntag,Juli,Waning Gibbous,🌖,74.5,66.8
2026-07-06,Montag,Juli,Last Quarter,🌗,64.8,70.2
2026-07-07,Dienstag,Juli,Last Quarter,🌗,54.4,73.6
2026-07-08,Mittwoch,Juli,Last Quarter,🌗,43.7,77.0
2026-07-09,Donnerstag,Juli,Last Quarter,🌗,33.4,80.4
2026-07-10,Freitag,Juli,Waning Crescent,🌘,23.8,83.8
2026-07-11,Samstag,Juli,Waning Crescent,🌘,15.4,87.2
2026-07-12,Sonntag,Juli,Waning Crescent,🌘,8.6,90.5
2026-07-13,Montag,Juli,New Moon,🌑,3.6,93.9
2026-07-14,Dienstag,Juli,New Moon,🌑,0.7,97.3
2026-07-15,Mittwoch,Juli,New Moon,🌑,0.0,0.7
2026-07-16,Donnerstag,Juli,New Moon,🌑,1.6,4.1
2026-07-17,Freitag,Juli,Waxing Crescent,🌒,5.4,7.5
2026-07-18,Samstag,Juli,Waxing Crescent,🌒,11.2,10.9
2026-07-19,Sonntag,Juli,Waxing Crescent,🌒,18.7,14.2
2026-07-20,Montag,Juli,Waxing Crescent,🌒,27.7,17.6
2026-07-21,Dienstag,Juli,First Quarter,🌓,37.6,21.0
2026-07-22,Mittwoch,Juli,First Quarter,🌓,48.1,24.4
2026-07-23,Donnerstag,Juli,First Quarter,🌓,58.7,27.8
2026-07-24,Freitag,Juli,First Quarter,🌓,68.9,31.2
2026-07-25,Samstag,Juli,Waxing Gibbous,🌔,78.3,34.6
2026-07-26,Sonntag,Juli,Waxing Gibbous,🌔,86.3,38.0
2026-07-27,Montag,Juli,Waxing Gibbous,🌔,92.8,41.3
2026-07-28,Dienstag,Juli,Full Moon,🌕,97.3,44.7
2026-07-29,Mittwoch,Juli,Full Moon,🌕,99.6,48.1
2026-07-30,Donnerstag,Juli,Full Moon,🌕,99.8,51.5
2026-07-31,Freitag,Juli,Full Moon,🌕,97.7,54.9
2026-08-01,Samstag,August,Waning Gibbous,🌖,93.4,58.3
2026-08-02,Sonntag,August,Waning Gibbous,🌖,87.2,61.7
2026-08-03,Montag,August,Waning Gibbous,🌖,79.3,65.0
2026-08-04,Dienstag,August,Waning Gibbous,🌖,70.1,68.4
2026-08-05,Mittwoch,August,Last Quarter,🌗,59.9,71.8
2026-08-06,Donnerstag,August,Last Quarter,🌗,49.4,75.2
2026-08-07,Freitag,August,Last Quarter,🌗,38.8,78.6
2026-08-08,Samstag,August,Waning Crescent,🌘,28.8,82.0
2026-08-09,Sonntag,August,Waning Crescent,🌘,19.7,85.4
2026-08-10,Montag,August,Waning Crescent,🌘,12.0,88.7
2026-08-11,Dienstag,August,Waning Crescent,🌘,6.0,92.1
2026-08-12,Mittwoch,August,New Moon,🌑,2.0,95.5
2026-08-13,Donnerstag,August,New Moon,🌑,0.1,98.9
2026-08-14,Freitag,August,New Moon,🌑,0.5,2.3
2026-08-15,Samstag,August,New Moon,🌑,3.1,5.7
2026-08-16,Sonntag,August,Waxing Crescent,🌒,7.9,9.1
2026-08-17,Montag,August,Waxing Crescent,🌒,14.5,12.4
2026-08-18,Dienstag,August,Waxing Crescent,🌒,22.8,15.8
2026-08-19,Mittwoch,August,First Quarter,🌓,32.2,19.2
2026-08-20,Donnerstag,August,First Quarter,🌓,42.5,22.6
2026-08-21,Freitag,August,First Quarter,🌓,53.1,26.0
2026-08-22,Samstag,August,First Quarter,🌓,63.6,29.4
2026-08-23,Sonntag,August,Waxing Gibbous,🌔,73.4,32.8
2026-08-24,Montag,August,Waxing Gibbous,🌔,82.2,36.2
2026-08-25,Dienstag,August,Waxing Gibbous,🌔,89.6,39.5
2026-08-26,Mittwoch,August,Waxing Gibbous,🌔,95.1,42.9
2026-08-27,Donnerstag,August,Full Moon,🌕,98.7,46.3
2026-08-28,Freitag,August,Full Moon,🌕,100.0,49.7
2026-08-29,Samstag,August,Full Moon,🌕,99.1,53.1
2026-08-30,Sonntag,August,Waning Gibbous,🌖,95.9,56.5
2026-08-31,Montag,August,Waning Gibbous,🌖,90.7,59.9
2026-09-01,Dienstag,September,Waning Gibbous,🌖,83.7,63.2
2026-09-02,Mittwoch,September,Waning Gibbous,🌖,75.1,66.6
2026-09-03,Donnerstag,September,Last Quarter,🌗,65.4,70.0
2026-09-04,Freitag,September,Last Quarter,🌗,55.0,73.4
2026-09-05,Samstag,September,Last Quarter,🌗,44.4,76.8
2026-09-06,Sonntag,September,Last Quarter,🌗,34.0,80.2
2026-09-07,Montag,September,Waning Crescent,🌘,24.4,83.6
2026-09-08,Dienstag,September,Waning Crescent,🌘,15.9,86.9
2026-09-09,Mittwoch,September,Waning Crescent,🌘,8.9,90.3
2026-09-10,Donnerstag,September,Waning Crescent,🌘,3.8,93.7
2026-09-11,Freitag,September,New Moon,🌑,0.8,97.1
2026-09-12,Samstag,September,New Moon,🌑,0.0,0.5
2026-09-13,Sonntag,September,New Moon,🌑,1.5,3.9
2026-09-14,Montag,September,Waxing Crescent,🌒,5.1,7.3
2026-09-15,Dienstag,September,Waxing Crescent,🌒,10.8,10.7
2026-09-16,Mittwoch,September,Waxing Crescent,🌒,18.2,14.0
2026-09-17,Donnerstag,September,Waxing Crescent,🌒,27.1,17.4
2026-09-18,Freitag,September,First Quarter,🌓,37.0,20.8
2026-09-19,Samstag,September,First Quarter,🌓,47.5,24.2
2026-09-20,Sonntag,September,First Quarter,🌓,58.1,27.6
2026-09-21,Montag,September,First Quarter,🌓,68.3,31.0
2026-09-22,Dienstag,September,Waxing Gibbous,🌔,77.7,34.4
2026-09-23,Mittwoch,September,Waxing Gibbous,🌔,85.9,37.7
2026-09-24,Donnerstag,September,Waxing Gibbous,🌔,92.4,41.1
2026-09-25,Freitag,September,Full Moon,🌕,97.1,44.5
2026-09-26,Samstag,September,Full Moon,🌕,99.6,47.9
2026-09-27,Sonntag,September,Full Moon,🌕,99.8,51.3
2026-09-28,Montag,September,Full Moon,🌕,97.9,54.7
2026-09-29,Dienstag,September,Waning Gibbous,🌖,93.7,58.1
2026-09-30,Mittwoch,September,Waning Gibbous,🌖,87.6,61.4
2026-10-01,Donnerstag,Oktober,Waning Gibbous,🌖,79.8,64.8
2026-10-02,Freitag,Oktober,Waning Gibbous,🌖,70.7,68.2
2026-10-03,Samstag,Oktober,Last Quarter,🌗,60.6,71.6
2026-10-04,Sonntag,Oktober,Last Quarter,🌗,50.0,75.0
2026-10-05,Montag,Oktober,Last Quarter,🌗,39.5,78.4
2026-10-06,Dienstag,Oktober,Waning Crescent,🌘,29.4,81.8
2026-10-07,Mittwoch,Oktober,Waning Crescent,🌘,20.2,85.2
2026-10-08,Donnerstag,Oktober,Waning Crescent,🌘,12.4,88.5
2026-10-09,Freitag,Oktober,Waning Crescent,🌘,6.3,91.9
2026-10-10,Samstag,Oktober,New Moon,🌑,2.2,95.3
2026-10-11,Sonntag,Oktober,New Moon,🌑,0.2,98.7
2026-10-12,Montag,Oktober,New Moon,🌑,0.4,2.1
2026-10-13,Dienstag,Oktober,New Moon,🌑,2.9,5.5
2026-10-14,Mittwoch,Oktober,Waxing Crescent,🌒,7.5,8.9
2026-10-15,Donnerstag,Oktober,Waxing Crescent,🌒,14.1,12.2
2026-10-16,Freitag,Oktober,Waxing Crescent,🌒,22.2,15.6
2026-10-17,Samstag,Oktober,First Quarter,🌓,31.6,19.0
2026-10-18,Sonntag,Oktober,First Quarter,🌓,41.9,22.4
2026-10-19,Montag,Oktober,First Quarter,🌓,52.5,25.8
2026-10-20,Dienstag,Oktober,First Quarter,🌓,63.0,29.2
2026-10-21,Mittwoch,Oktober,Waxing Gibbous,🌔,72.9,32.6
2026-10-22,Donnerstag,Oktober,Waxing Gibbous,🌔,81.7,35.9
2026-10-23,Freitag,Oktober,Waxing Gibbous,🌔,89.2,39.3
2026-10-24,Samstag,Oktober,Waxing Gibbous,🌔,94.9,42.7
2026-10-25,Sonntag,Oktober,Full Moon,🌕,98.5,46.1
2026-10-26,Montag,Oktober,Full Moon,🌕,100.0,49.5
2026-10-27,Dienstag,Oktober,Full Moon,🌕,99.2,52.9
2026-10-28,Mittwoch,Oktober,Waning Gibbous,🌖,96.2,56.3
2026-10-29,Donnerstag,Oktober,Waning Gibbous,🌖,91.1,59.7
2026-10-30,Freitag,Oktober,Waning Gibbous,🌖,84.1,63.0
2026-10-31,Samstag,Oktober,Waning Gibbous,🌖,75.7,66.4
2026-11-01,Sonntag,November,Last Quarter,🌗,66.0,69.8
2026-11-02,Montag,November,Last Quarter,🌗,55.7,73.2
2026-11-03,Dienstag,November,Last Quarter,🌗,45.0,76.6
2026-11-04,Mittwoch,November,Last Quarter,🌗,34.6,80.0
2026-11-05,Donnerstag,November,Waning Crescent,🌘,24.9,83.4
2026-11-06,Freitag,November,Waning Crescent,🌘,16.4,86.7
2026-11-07,Samstag,November,Waning Crescent,🌘,9.3,90.1
2026-11-08,Sonntag,November,Waning Crescent,🌘,4.1,93.5
2026-11-09,Montag,November,New Moon,🌑,0.9,96.9
2026-11-10,Dienstag,November,New Moon,🌑,0.0,0.3
2026-11-11,Mittwoch,November,New Moon,🌑,1.3,3.7
2026-11-12,Donnerstag,November,Waxing Crescent,🌒,4.8,7.1
2026-11-13,Freitag,November,Waxing Crescent,🌒,10.4,10.4
2026-11-14,Samstag,November,Waxing Crescent,🌒,17.7,13.8
2026-11-15,Sonntag,November,Waxing Crescent,🌒,26.5,17.2
2026-11-16,Montag,November,First Quarter,🌓,36.4,20.6
2026-11-17,Dienstag,November,First Quarter,🌓,46.8,24.0
2026-11-18,Mittwoch,November,First Quarter,🌓,57.4,27.4
2026-11-19,Donnerstag,November,First Quarter,🌓,67.7,30.8
2026-11-20,Freitag,November,Waxing Gibbous,🌔,77.2,34.2
2026-11-21,Samstag,November,Waxing Gibbous,🌔,85.4,37.5
2026-11-22,Sonntag,November,Waxing Gibbous,🌔,92.1,40.9
2026-11-23,Montag,November,Full Moon,🌕,96.8,44.3
2026-11-24,Dienstag,November,Full Moon,🌕,99.5,47.7
2026-11-25,Mittwoch,November,Full Moon,🌕,99.9,51.1
2026-11-26,Donnerstag,November,Full Moon,🌕,98.0,54.5
2026-11-27,Freitag,November,Waning Gibbous,🌖,94.0,57.9
2026-11-28,Samstag,November,Waning Gibbous,🌖,88.0,61.2
2026-11-29,Sonntag,November,Waning Gibbous,🌖,80.3,64.6
2026-11-30,Montag,November,Waning Gibbous,🌖,71.3,68.0
2026-12-01,Dienstag,Dezember,Last Quarter,🌗,61.2,71.4
2026-12-02,Mittwoch,Dezember,Last Quarter,🌗,50.7,74.8
2026-12-03,Donnerstag,Dezember,Last Quarter,🌗,40.1,78.2
2026-12-04,Freitag,Dezember,Waning Crescent,🌘,30.0,81.6
2026-12-05,Samstag,Dezember,Waning Crescent,🌘,20.8,84.9
2026-12-06,Sonntag,Dezember,Waning Crescent,🌘,12.8,88.3
2026-12-07,Montag,Dezember,Waning Crescent,🌘,6.6,91.7
2026-12-08,Dienstag,Dezember,New Moon,🌑,2.3,95.1
2026-12-09,Mittwoch,Dezember,New Moon,🌑,0.2,98.5
2026-12-10,Donnerstag,Dezember,New Moon,🌑,0.3,1.9
2026-12-11,Freitag,Dezember,New Moon,🌑,2.7,5.3
2026-12-12,Samstag,Dezember,Waxing Crescent,🌒,7.2,8.6
2026-12-13,Sonntag,Dezember,Waxing Crescent,🌒,13.6,12.0
2026-12-14,Montag,Dezember,Waxing Crescent,🌒,21.7,15.4
2026-12-15,Dienstag,Dezember,First Quarter,🌓,31.0,18.8
2026-12-16,Mittwoch,Dezember,First Quarter,🌓,41.2,22.2
2026-12-17,Donnerstag,Dezember,First Quarter,🌓,51.8,25.6
2026-12-18,Freitag,Dezember,First Quarter,🌓,62.3,29.0
2026-12-19,Samstag,Dezember,Waxing Gibbous,🌔,72.3,32.4
2026-12-20,Sonntag,Dezember,Waxing Gibbous,🌔,81.2,35.7
2026-12-21,Montag,Dezember,Waxing Gibbous,🌔,88.8,39.1
2026-12-22,Dienstag,Dezember,Waxing Gibbous,🌔,94.6,42.5
2026-12-23,Mittwoch,Dezember,Full Moon,🌕,98.3,45.9
2026-12-24,Donnerstag,Dezember,Full Moon,🌕,99.9,49.3
2026-12-25,Freitag,Dezember,Full Moon,🌕,99.3,52.7
2026-12-26,Samstag,Dezember,Full Moon,🌕,96.4,56.1
2026-12-27,Sonntag,Dezember,Waning Gibbous,🌖,91.5,59.4
2026-12-28,Montag,Dezember,Waning Gibbous,🌖,84.6,62.8
2026-12-29,Dienstag,Dezember,Waning Gibbous,🌖,76.2,66.2
2026-12-30,Mittwoch,Dezember,Last Quarter,🌗,66.6,69.6
2026-12-31,Donnerstag,Dezember,Last Quarter,🌗,56.3,73.0
